step,value,wall_time,elapsed_min
101,51.831188,1775331590,2.8
203,49.109138,1775331702,4.66
305,51.250729,1775331810,6.46
407,53.000488,1775331913,8.18
509,50.124191,1775332014,9.86
